{"nodes":[{"label":"Enjolras","x":-272.21246337890625,"y":38.71083450317383,"id":"58","attributes":{"Modularity Class":"5"},"color":"rgb(129,204,181)","size":26.0},{"label":"Champmathieu","x":212.5755157470703,"y":-106.90582275390625,"id":"35","attributes":{"Modularity Class":"1"},"color":"rgb(198,232,226)","size":15.714285850524902},{"label":"Gervais","x":-87.45880126953125,"y":-79.20083618164062,"id":"15","attributes":{"Modularity Class":"3"},"color":"rgb(237,248,251)","size":10.0},{"label":"Zephine","x":120.13758087158203,"y":-487.4692077636719,"id":"22","attributes":{"Modularity Class":"2"},"color":"rgb(190,229,221)","size":16.85714340209961},{"label":"Geborand","x":164.11614990234375,"y":251.42080688476562,"id":"5","attributes":{"Modularity Class":"0"},"color":"rgb(237,248,251)","size":10.0},{"label":"MmeDeR","x":-82.19283294677734,"y":-40.73228073120117,"id":"13","attributes":{"Modularity Class":"3"},"color":"rgb(237,248,251)","size":10.0},{"label":"Fauchelevent","x":-69.41275787353516,"y":-46.160770416259766,"id":"28","attributes":{"Modularity Class":"3"},"color":"rgb(213,238,236)","size":13.428571701049805},{"label":"Eponine","x":-277.9115295410156,"y":-184.35614013671875,"id":"41","attributes":{"Modularity Class":"4"},"color":"rgb(159,217,201)","size":21.428571701049805},{"label":"Joly","x":-362.7419738769531,"y":-223.1934356689453,"id":"65","attributes":{"Modularity Class":"5"},"color":"rgb(152,214,196)","size":22.571430206298828},{"label":"MmeMagloire","x":-0.8891767859458923,"y":203.07289123535156,"id":"3","attributes":{"Modularity Class":"0"},"color":"rgb(221,241,241)","size":12.285714149475098},{"label":"Courfeyrac","x":-447.97943115234375,"y":-84.15556335449219,"id":"62","attributes":{"Modularity Class":"5"},"color":"rgb(144,210,191)","size":23.71428680419922},{"label":"Claquesous","x":59.40210723876953,"y":-50.314170837402344,"id":"70","attributes":{"Modularity Class":"4"},"color":"rgb(167,220,206)","size":20.285715103149414},{"label":"Simplice","x":-182.5505828857422,"y":-180.67755126953125,"id":"31","attributes":{"Modularity Class":"3"},"color":"rgb(213,238,236)","size":13.428571701049805},{"label":"Boulatruelle","x":164.87071228027344,"y":-206.38052368164062,"id":"40","attributes":{"Modularity Class":"4"},"color":"rgb(237,248,251)","size":10.0},{"label":"Perpetue","x":-81.18003845214844,"y":-181.11859130859375,"id":"30","attributes":{"Modularity Class":"3"},"color":"rgb(229,244,246)","size":11.142857551574707},{"label":"MmeBurgon","x":-420.59197998046875,"y":17.118993759155273,"id":"47","attributes":{"Modularity Class":"5"},"color":"rgb(229,244,246)","size":11.142857551574707},{"label":"Brujon","x":59.85176086425781,"y":-32.165077209472656,"id":"75","attributes":{"Modularity Class":"4"},"color":"rgb(190,229,221)","size":16.85714340209961},{"label":"Cravatte","x":-173.57972717285156,"y":257.25836181640625,"id":"7","attributes":{"Modularity Class":"0"},"color":"rgb(237,248,251)","size":10.0},{"label":"Magnon","x":40.29539108276367,"y":-57.810176849365234,"id":"50","attributes":{"Modularity Class":"3"},"color":"rgb(229,244,246)","size":11.142857551574707},{"label":"LtGillenormand","x":-114.17108917236328,"y":159.05438232421875,"id":"54","attributes":{"Modularity Class":"3"},"color":"rgb(213,238,236)","size":13.428571701049805},{"label":"Javert","x":-37.423606872558594,"y":-111.8887710571289,"id":"27","attributes":{"Modularity Class":"3"},"color":"rgb(113,198,171)","size":28.285715103149414},{"label":"CountessDeLo","x":205.60440063476562,"y":318.2420654296875,"id":"4","attributes":{"Modularity Class":"0"},"color":"rgb(237,248,251)","size":10.0},{"label":"Combeferre","x":-581.2439575195312,"y":177.5196533203125,"id":"59","attributes":{"Modularity Class":"5"},"color":"rgb(159,217,201)","size":21.428571701049805},{"label":"MlleBaptistine","x":164.64576721191406,"y":460.2802429199219,"id":"2","attributes":{"Modularity Class":"0"},"color":"rgb(221,241,241)","size":12.285714149475098},{"label":"Fantine","x":-24.14168930053711,"y":-181.77000427246094,"id":"23","attributes":{"Modularity Class":"2"},"color":"rgb(129,204,181)","size":26.0},{"label":"MotherPlutarch","x":-572.3091430664062,"y":-73.18635559082031,"id":"67","attributes":{"Modularity Class":"5"},"color":"rgb(237,248,251)","size":10.0},{"label":"Pontmercy","x":63.43511199951172,"y":-136.35513305664062,"id":"39","attributes":{"Modularity Class":"3"},"color":"rgb(221,241,241)","size":12.285714149475098},{"label":"Anzelma","x":159.38302612304688,"y":155.5916290283203,"id":"42","attributes":{"Modularity Class":"4"},"color":"rgb(221,241,241)","size":12.285714149475098},{"label":"MmePontmercy","x":-180.82371520996094,"y":-36.53644561767578,"id":"52","attributes":{"Modularity Class":"3"},"color":"rgb(229,244,246)","size":11.142857551574707},{"label":"Blacheville","x":157.5912322998047,"y":-386.8172302246094,"id":"19","attributes":{"Modularity Class":"2"},"color":"rgb(190,229,221)","size":16.85714340209961},{"label":"Marius","x":-25.56260108947754,"y":32.31310272216797,"id":"55","attributes":{"Modularity Class":"3"},"color":"rgb(99,191,160)","size":30.571430206298828},{"label":"Babet","x":84.77478790283203,"y":-24.634614944458008,"id":"69","attributes":{"Modularity Class":"4"},"color":"rgb(167,220,206)","size":20.285715103149414},{"label":"Mabeuf","x":-325.9994812011719,"y":3.588301420211792,"id":"57","attributes":{"Modularity Class":"5"},"color":"rgb(159,217,201)","size":21.428571701049805},{"label":"Gribier","x":58.447383880615234,"y":-233.65673828125,"id":"45","attributes":{"Modularity Class":"3"},"color":"rgb(237,248,251)","size":10.0},{"label":"Bamatabois","x":179.51754760742188,"y":107.4442367553711,"id":"29","attributes":{"Modularity Class":"1"},"color":"rgb(183,226,216)","size":18.0},{"label":"Gavroche","x":-231.14031982421875,"y":311.2967834472656,"id":"48","attributes":{"Modularity Class":"5"},"color":"rgb(81,177,140)","size":34.0},{"label":"Feuilly","x":-325.1746520996094,"y":-84.86772918701172,"id":"61","attributes":{"Modularity Class":"5"},"color":"rgb(159,217,201)","size":21.428571701049805},{"label":"Jondrette","x":-274.5519714355469,"y":157.3299560546875,"id":"46","attributes":{"Modularity Class":"5"},"color":"rgb(237,248,251)","size":10.0},{"label":"MmeThenardier","x":-0.35289064049720764,"y":129.95787048339844,"id":"24","attributes":{"Modularity Class":"4"},"color":"rgb(159,217,201)","size":21.428571701049805},{"label":"Listolier","x":157.5912628173828,"y":-386.8172302246094,"id":"17","attributes":{"Modularity Class":"2"},"color":"rgb(190,229,221)","size":16.85714340209961},{"label":"Brevet","x":29.329784393310547,"y":13.261909484863281,"id":"36","attributes":{"Modularity Class":"1"},"color":"rgb(198,232,226)","size":15.714285850524902},{"label":"Scaufflaire","x":-86.41181182861328,"y":11.861677169799805,"id":"32","attributes":{"Modularity Class":"3"},"color":"rgb(237,248,251)","size":10.0},{"label":"Chenildieu","x":154.56271362304688,"y":17.399185180664062,"id":"37","attributes":{"Modularity Class":"1"},"color":"rgb(198,232,226)","size":15.714285850524902},{"label":"Fameuil","x":157.5912322998047,"y":-386.8172912597656,"id":"18","attributes":{"Modularity Class":"2"},"color":"rgb(190,229,221)","size":16.85714340209961},{"label":"Child1","x":-520.4375610351562,"y":-169.19699096679688,"id":"73","attributes":{"Modularity Class":"5"},"color":"rgb(229,244,246)","size":11.142857551574707},{"label":"Cochepaille","x":14.186983108520508,"y":-69.67872619628906,"id":"38","attributes":{"Modularity Class":"1"},"color":"rgb(198,232,226)","size":15.714285850524902},{"label":"Grantaire","x":-476.75140380859375,"y":163.222900390625,"id":"66","attributes":{"Modularity Class":"5"},"color":"rgb(167,220,206)","size":20.285715103149414},{"label":"MlleGillenormand","x":-180.50245666503906,"y":72.09681701660156,"id":"51","attributes":{"Modularity Class":"3"},"color":"rgb(190,229,221)","size":16.85714340209961},{"label":"Dahlia","x":260.32470703125,"y":-416.2205810546875,"id":"21","attributes":{"Modularity Class":"2"},"color":"rgb(190,229,221)","size":16.85714340209961},{"label":"Isabeau","x":-118.0699234008789,"y":-54.9266471862793,"id":"14","attributes":{"Modularity Class":"3"},"color":"rgb(237,248,251)","size":10.0},{"label":"Woman1","x":-61.8355598449707,"y":-74.7319107055664,"id":"33","attributes":{"Modularity Class":"3"},"color":"rgb(229,244,246)","size":11.142857551574707},{"label":"Judge","x":7.050670146942139,"y":48.39720916748047,"id":"34","attributes":{"Modularity Class":"1"},"color":"rgb(198,232,226)","size":15.714285850524902},{"label":"Valjean","x":-67.0591049194336,"y":-45.64252853393555,"id":"11","attributes":{"Modularity Class":"3"},"color":"rgb(0,109,44)","size":50.0},{"label":"Montparnasse","x":107.6286392211914,"y":-6.1835246086120605,"id":"71","attributes":{"Modularity Class":"4"},"color":"rgb(175,223,211)","size":19.14285659790039},{"label":"Gueulemer","x":81.19051361083984,"y":-9.36587905883789,"id":"68","attributes":{"Modularity Class":"4"},"color":"rgb(167,220,206)","size":20.285715103149414},{"label":"Myriel","x":66.55116271972656,"y":155.95651245117188,"id":"0","attributes":{"Modularity Class":"0"},"color":"rgb(167,220,206)","size":20.285715103149414},{"label":"Labarre","x":-60.51628494262695,"y":-76.56900024414062,"id":"10","attributes":{"Modularity Class":"3"},"color":"rgb(237,248,251)","size":10.0},{"label":"Favourite","x":394.5075988769531,"y":-472.7777404785156,"id":"20","attributes":{"Modularity Class":"2"},"color":"rgb(190,229,221)","size":16.85714340209961},{"label":"Thenardier","x":244.95433044433594,"y":10.941099166870117,"id":"25","attributes":{"Modularity Class":"4"},"color":"rgb(121,201,176)","size":27.14285659790039},{"label":"MmeHucheloup","x":-540.0645141601562,"y":25.222097396850586,"id":"76","attributes":{"Modularity Class":"5"},"color":"rgb(190,229,221)","size":16.85714340209961},{"label":"Champtercier","x":65.74317169189453,"y":546.593994140625,"id":"6","attributes":{"Modularity Class":"0"},"color":"rgb(237,248,251)","size":10.0},{"label":"Cosette","x":-67.48750305175781,"y":-46.12279510498047,"id":"26","attributes":{"Modularity Class":"3"},"color":"rgb(159,217,201)","size":21.428571701049805},{"label":"Bossuet","x":-374.261962890625,"y":-8.80052661895752,"id":"64","attributes":{"Modularity Class":"5"},"color":"rgb(144,210,191)","size":23.71428680419922},{"label":"BaronessT","x":-231.98680114746094,"y":-35.64951705932617,"id":"56","attributes":{"Modularity Class":"3"},"color":"rgb(229,244,246)","size":11.142857551574707},{"label":"Child2","x":-428.225830078125,"y":-303.0813293457031,"id":"74","attributes":{"Modularity Class":"5"},"color":"rgb(229,244,246)","size":11.142857551574707},{"label":"Marguerite","x":162.5973663330078,"y":-317.0132141113281,"id":"12","attributes":{"Modularity Class":"2"},"color":"rgb(229,244,246)","size":11.142857551574707},{"label":"Gillenormand","x":-239.8501434326172,"y":-290.95062255859375,"id":"49","attributes":{"Modularity Class":"3"},"color":"rgb(190,229,221)","size":16.85714340209961},{"label":"Toussaint","x":-35.7279167175293,"y":-269.3878479003906,"id":"72","attributes":{"Modularity Class":"3"},"color":"rgb(221,241,241)","size":12.285714149475098},{"label":"MlleVaubois","x":-248.56219482421875,"y":108.13170623779297,"id":"53","attributes":{"Modularity Class":"3"},"color":"rgb(237,248,251)","size":10.0},{"label":"Woman2","x":-145.6486358642578,"y":-121.71205139160156,"id":"43","attributes":{"Modularity Class":"3"},"color":"rgb(221,241,241)","size":12.285714149475098},{"label":"Napoleon","x":-37.843048095703125,"y":350.7620544433594,"id":"1","attributes":{"Modularity Class":"0"},"color":"rgb(237,248,251)","size":10.0},{"label":"Count","x":-38.60633087158203,"y":298.0798034667969,"id":"8","attributes":{"Modularity Class":"0"},"color":"rgb(237,248,251)","size":10.0},{"label":"Tholomyes","x":157.59124755859375,"y":-386.817138671875,"id":"16","attributes":{"Modularity Class":"2"},"color":"rgb(175,223,211)","size":19.14285659790039},{"label":"Prouvaire","x":-364.7855224609375,"y":69.52169799804688,"id":"60","attributes":{"Modularity Class":"5"},"color":"rgb(175,223,211)","size":19.14285659790039},{"label":"MotherInnocent","x":-9.476561546325684,"y":-348.9023742675781,"id":"44","attributes":{"Modularity Class":"3"},"color":"rgb(229,244,246)","size":11.142857551574707},{"label":"OldMan","x":-119.50093078613281,"y":440.5237731933594,"id":"9","attributes":{"Modularity Class":"0"},"color":"rgb(237,248,251)","size":10.0},{"label":"Bahorel","x":-416.1310729980469,"y":319.2720642089844,"id":"63","attributes":{"Modularity Class":"5"},"color":"rgb(152,214,196)","size":22.571430206298828}],"edges":[{"source":"68","target":"24","id":"207","attributes":{},"color":"rgb(163,218,203)","size":1.0},{"source":"20","target":"19","id":"27","attributes":{},"color":"rgb(190,229,221)","size":4.0},{"source":"22","target":"20","id":"37","attributes":{},"color":"rgb(190,229,221)","size":4.0},{"source":"76","target":"62","id":"251","attributes":{},"color":"rgb(167,219,206)","size":1.0},{"source":"31","target":"23","id":"70","attributes":{},"color":"rgb(171,221,208)","size":2.0},{"source":"56","target":"55","id":"137","attributes":{},"color":"rgb(164,217,203)","size":1.0},{"source":"34","target":"11","id":"75","attributes":{},"color":"rgb(99,170,135)","size":3.0},{"source":"38","target":"35","id":"90","attributes":{},"color":"rgb(198,232,226)","size":2.0},{"source":"3","target":"2","id":"3","attributes":{},"color":"rgb(221,241,241)","size":6.0},{"source":"35","target":"34","id":"78","attributes":{},"color":"rgb(198,232,226)","size":3.0},{"source":"27","target":"23","id":"58","attributes":{},"color":"rgb(121,201,176)","size":5.0},{"source":"36","target":"11","id":"82","attributes":{},"color":"rgb(99,170,135)","size":2.0},{"source":"41","target":"25","id":"98","attributes":{},"color":"rgb(140,209,188)","size":3.0},{"source":"11","target":"0","id":"13","attributes":{},"color":"rgb(83,164,125)","size":5.0},{"source":"15","target":"11","id":"17","attributes":{},"color":"rgb(118,178,147)","size":1.0},{"source":"27","target":"26","id":"61","attributes":{},"color":"rgb(136,207,186)","size":1.0},{"source":"72","target":"11","id":"236","attributes":{},"color":"rgb(110,175,142)","size":1.0},{"source":"55","target":"49","id":"127","attributes":{},"color":"rgb(144,210,190)","size":12.0},{"source":"23","target":"18","id":"41","attributes":{},"color":"rgb(159,216,201)","size":3.0},{"source":"75","target":"71","id":"246","attributes":{},"color":"rgb(182,226,216)","size":1.0},{"source":"61","target":"58","id":"154","attributes":{},"color":"rgb(144,210,191)","size":6.0},{"source":"61","target":"55","id":"158","attributes":{},"color":"rgb(129,204,180)","size":1.0},{"source":"38","target":"37","id":"92","attributes":{},"color":"rgb(198,232,226)","size":2.0},{"source":"65","target":"60","id":"191","attributes":{},"color":"rgb(163,218,203)","size":2.0},{"source":"26","target":"24","id":"53","attributes":{},"color":"rgb(159,217,201)","size":4.0},{"source":"63","target":"60","id":"173","attributes":{},"color":"rgb(163,218,203)","size":2.0},{"source":"12","target":"11","id":"14","attributes":{},"color":"rgb(114,176,145)","size":1.0},{"source":"71","target":"25","id":"233","attributes":{},"color":"rgb(148,212,193)","size":1.0},{"source":"44","target":"28","id":"105","attributes":{},"color":"rgb(221,241,241)","size":3.0},{"source":"45","target":"28","id":"107","attributes":{},"color":"rgb(225,243,243)","size":2.0},{"source":"49","target":"26","id":"113","attributes":{},"color":"rgb(174,223,211)","size":3.0},{"source":"70","target":"24","id":"222","attributes":{},"color":"rgb(163,218,203)","size":1.0},{"source":"19","target":"17","id":"22","attributes":{},"color":"rgb(190,229,221)","size":4.0},{"source":"5","target":"0","id":"5","attributes":{},"color":"rgb(202,234,228)","size":1.0},{"source":"62","target":"61","id":"165","attributes":{},"color":"rgb(151,213,196)","size":6.0},{"source":"68","target":"41","id":"210","attributes":{},"color":"rgb(163,218,203)","size":1.0},{"source":"69","target":"41","id":"217","attributes":{},"color":"rgb(163,218,203)","size":1.0},{"source":"37","target":"36","id":"86","attributes":{},"color":"rgb(198,232,226)","size":2.0},{"source":"76","target":"66","id":"249","attributes":{},"color":"rgb(178,224,213)","size":1.0},{"source":"24","target":"11","id":"49","attributes":{},"color":"rgb(79,163,122)","size":7.0},{"source":"70","target":"25","id":"218","attributes":{},"color":"rgb(144,210,191)","size":4.0},{"source":"59","target":"48","id":"148","attributes":{},"color":"rgb(120,197,170)","size":6.0},{"source":"68","target":"48","id":"209","attributes":{},"color":"rgb(124,198,173)","size":1.0},{"source":"55","target":"26","id":"130","attributes":{},"color":"rgb(129,204,180)","size":21.0},{"source":"22","target":"17","id":"34","attributes":{},"color":"rgb(190,229,221)","size":3.0},{"source":"23","target":"19","id":"42","attributes":{},"color":"rgb(159,216,201)","size":3.0},{"source":"70","target":"11","id":"221","attributes":{},"color":"rgb(83,164,125)","size":1.0},{"source":"49","target":"11","id":"114","attributes":{},"color":"rgb(95,169,132)","size":2.0},{"source":"61","target":"60","id":"155","attributes":{},"color":"rgb(167,220,206)","size":2.0},{"source":"36","target":"29","id":"83","attributes":{},"color":"rgb(190,229,221)","size":1.0},{"source":"58","target":"57","id":"144","attributes":{},"color":"rgb(144,210,191)","size":1.0},{"source":"21","target":"18","id":"30","attributes":{},"color":"rgb(190,229,221)","size":3.0},{"source":"61","target":"57","id":"157","attributes":{},"color":"rgb(159,217,201)","size":1.0},{"source":"70","target":"27","id":"223","attributes":{},"color":"rgb(140,209,188)","size":1.0},{"source":"9","target":"0","id":"9","attributes":{},"color":"rgb(202,234,228)","size":1.0},{"source":"11","target":"2","id":"12","attributes":{},"color":"rgb(110,175,142)","size":3.0},{"source":"69","target":"68","id":"212","attributes":{},"color":"rgb(167,220,206)","size":6.0},{"source":"25","target":"23","id":"51","attributes":{},"color":"rgb(125,202,178)","size":1.0},{"source":"55","target":"48","id":"135","attributes":{},"color":"rgb(90,184,150)","size":4.0},{"source":"48","target":"11","id":"112","attributes":{},"color":"rgb(40,143,92)","size":1.0},{"source":"72","target":"26","id":"234","attributes":{},"color":"rgb(190,229,221)","size":2.0},{"source":"19","target":"18","id":"23","attributes":{},"color":"rgb(190,229,221)","size":4.0},{"source":"21","target":"16","id":"28","attributes":{},"color":"rgb(182,226,216)","size":3.0},{"source":"55","target":"11","id":"131","attributes":{},"color":"rgb(49,150,102)","size":19.0},{"source":"68","target":"11","id":"206","attributes":{},"color":"rgb(83,164,125)","size":1.0},{"source":"22","target":"16","id":"33","attributes":{},"color":"rgb(182,226,216)","size":3.0},{"source":"34","target":"29","id":"76","attributes":{},"color":"rgb(190,229,221)","size":2.0},{"source":"38","target":"11","id":"93","attributes":{},"color":"rgb(99,170,135)","size":2.0},{"source":"75","target":"41","id":"244","attributes":{},"color":"rgb(174,223,211)","size":1.0},{"source":"28","target":"11","id":"62","attributes":{},"color":"rgb(106,173,140)","size":8.0},{"source":"69","target":"27","id":"215","attributes":{},"color":"rgb(140,209,188)","size":2.0},{"source":"6","target":"0","id":"6","attributes":{},"color":"rgb(202,234,228)","size":1.0},{"source":"40","target":"25","id":"96","attributes":{},"color":"rgb(179,224,213)","size":1.0},{"source":"55","target":"25","id":"133","attributes":{},"color":"rgb(110,196,168)","size":2.0},{"source":"64","target":"59","id":"182","attributes":{},"color":"rgb(151,213,196)","size":9.0},{"source":"73","target":"48","id":"237","attributes":{},"color":"rgb(155,210,193)","size":2.0},{"source":"63","target":"57","id":"170","attributes":{},"color":"rgb(155,215,198)","size":2.0},{"source":"63","target":"58","id":"171","attributes":{},"color":"rgb(140,209,188)","size":4.0},{"source":"64","target":"58","id":"179","attributes":{},"color":"rgb(136,207,186)","size":10.0},{"source":"60","target":"58","id":"151","attributes":{},"color":"rgb(152,213,196)","size":4.0},{"source":"59","target":"55","id":"147","attributes":{},"color":"rgb(129,204,180)","size":5.0},{"source":"57","target":"48","id":"140","attributes":{},"color":"rgb(120,197,170)","size":1.0},{"source":"43","target":"27","id":"104","attributes":{},"color":"rgb(167,219,206)","size":1.0},{"source":"64","target":"63","id":"178","attributes":{},"color":"rgb(148,212,193)","size":4.0},{"source":"71","target":"11","id":"230","attributes":{},"color":"rgb(87,166,127)","size":1.0},{"source":"52","target":"51","id":"120","attributes":{},"color":"rgb(209,236,233)","size":1.0},{"source":"23","target":"22","id":"45","attributes":{},"color":"rgb(159,216,201)","size":4.0},{"source":"64","target":"48","id":"177","attributes":{},"color":"rgb(112,193,165)","size":5.0},{"source":"66","target":"64","id":"195","attributes":{},"color":"rgb(155,215,198)","size":3.0},{"source":"11","target":"3","id":"11","attributes":{},"color":"rgb(110,175,142)","size":3.0},{"source":"71","target":"69","id":"227","attributes":{},"color":"rgb(171,221,208)","size":2.0},{"source":"20","target":"17","id":"25","attributes":{},"color":"rgb(190,229,221)","size":3.0},{"source":"24","target":"23","id":"48","attributes":{},"color":"rgb(144,210,191)","size":2.0},{"source":"64","target":"11","id":"184","attributes":{},"color":"rgb(72,159,117)","size":1.0},{"source":"71","target":"48","id":"231","attributes":{},"color":"rgb(128,200,175)","size":1.0},{"source":"39","target":"25","id":"95","attributes":{},"color":"rgb(171,221,208)","size":1.0},{"source":"1","target":"0","id":"0","attributes":{},"color":"rgb(202,234,228)","size":1.0},{"source":"65","target":"48","id":"187","attributes":{},"color":"rgb(116,195,168)","size":3.0},{"source":"47","target":"46","id":"108","attributes":{},"color":"rgb(233,246,248)","size":1.0},{"source":"76","target":"58","id":"253","attributes":{},"color":"rgb(159,216,201)","size":1.0},{"source":"38","target":"34","id":"89","attributes":{},"color":"rgb(198,232,226)","size":2.0},{"source":"22","target":"18","id":"35","attributes":{},"color":"rgb(190,229,221)","size":3.0},{"source":"18","target":"16","id":"19","attributes":{},"color":"rgb(182,226,216)","size":4.0},{"source":"8","target":"0","id":"8","attributes":{},"color":"rgb(202,234,228)","size":2.0},{"source":"62","target":"58","id":"160","attributes":{},"color":"rgb(136,207,186)","size":17.0},{"source":"69","target":"24","id":"214","attributes":{},"color":"rgb(163,218,203)","size":1.0},{"source":"44","target":"11","id":"106","attributes":{},"color":"rgb(114,176,145)","size":1.0},{"source":"55","target":"16","id":"132","attributes":{},"color":"rgb(137,207,185)","size":1.0},{"source":"72","target":"27","id":"235","attributes":{},"color":"rgb(167,219,206)","size":1.0},{"source":"76","target":"65","id":"248","attributes":{},"color":"rgb(171,221,208)","size":1.0},{"source":"38","target":"36","id":"91","attributes":{},"color":"rgb(198,232,226)","size":2.0},{"source":"56","target":"49","id":"136","attributes":{},"color":"rgb(209,236,233)","size":1.0},{"source":"64","target":"62","id":"176","attributes":{},"color":"rgb(144,210,191)","size":12.0},{"source":"76","target":"48","id":"252","attributes":{},"color":"rgb(135,203,180)","size":1.0},{"source":"23","target":"16","id":"39","attributes":{},"color":"rgb(152,213,196)","size":3.0},{"source":"22","target":"21","id":"38","attributes":{},"color":"rgb(190,229,221)","size":4.0},{"source":"75","target":"70","id":"245","attributes":{},"color":"rgb(178,224,213)","size":1.0},{"source":"22","target":"19","id":"36","attributes":{},"color":"rgb(190,229,221)","size":3.0},{"source":"75","target":"69","id":"240","attributes":{},"color":"rgb(178,224,213)","size":3.0},{"source":"2","target":"0","id":"1","attributes":{},"color":"rgb(194,230,223)","size":8.0},{"source":"19","target":"16","id":"21","attributes":{},"color":"rgb(182,226,216)","size":4.0},{"source":"76","target":"63","id":"250","attributes":{},"color":"rgb(171,221,208)","size":1.0},{"source":"43","target":"11","id":"102","attributes":{},"color":"rgb(110,175,142)","size":3.0},{"source":"75","target":"48","id":"243","attributes":{},"color":"rgb(135,203,180)","size":1.0},{"source":"18","target":"17","id":"20","attributes":{},"color":"rgb(190,229,221)","size":4.0},{"source":"38","target":"29","id":"94","attributes":{},"color":"rgb(190,229,221)","size":1.0},{"source":"66","target":"62","id":"198","attributes":{},"color":"rgb(155,215,198)","size":2.0},{"source":"68","target":"27","id":"208","attributes":{},"color":"rgb(140,209,188)","size":1.0},{"source":"21","target":"17","id":"29","attributes":{},"color":"rgb(190,229,221)","size":3.0},{"source":"48","target":"47","id":"109","attributes":{},"color":"rgb(155,210,193)","size":2.0},{"source":"36","target":"35","id":"81","attributes":{},"color":"rgb(198,232,226)","size":2.0},{"source":"27","target":"11","id":"57","attributes":{},"color":"rgb(56,153,107)","size":17.0},{"source":"62","target":"48","id":"162","attributes":{},"color":"rgb(112,193,165)","size":7.0},{"source":"57","target":"41","id":"139","attributes":{},"color":"rgb(159,217,201)","size":1.0},{"source":"43","target":"26","id":"103","attributes":{},"color":"rgb(190,229,221)","size":1.0},{"source":"7","target":"0","id":"7","attributes":{},"color":"rgb(202,234,228)","size":1.0},{"source":"51","target":"11","id":"119","attributes":{},"color":"rgb(95,169,132)","size":2.0},{"source":"35","target":"11","id":"77","attributes":{},"color":"rgb(99,170,135)","size":3.0},{"source":"48","target":"25","id":"110","attributes":{},"color":"rgb(101,189,158)","size":1.0},{"source":"75","target":"68","id":"241","attributes":{},"color":"rgb(178,224,213)","size":3.0},{"source":"71","target":"70","id":"229","attributes":{},"color":"rgb(171,221,208)","size":2.0},{"source":"23","target":"12","id":"46","attributes":{},"color":"rgb(179,224,213)","size":2.0},{"source":"65","target":"62","id":"188","attributes":{},"color":"rgb(148,212,193)","size":5.0},{"source":"58","target":"55","id":"141","attributes":{},"color":"rgb(114,197,170)","size":7.0},{"source":"69","target":"11","id":"213","attributes":{},"color":"rgb(83,164,125)","size":1.0},{"source":"63","target":"48","id":"168","attributes":{},"color":"rgb(116,195,168)","size":5.0},{"source":"58","target":"27","id":"143","attributes":{},"color":"rgb(121,201,176)","size":6.0},{"source":"37","target":"11","id":"87","attributes":{},"color":"rgb(99,170,135)","size":2.0},{"source":"3","target":"0","id":"2","attributes":{},"color":"rgb(194,230,223)","size":10.0},{"source":"66","target":"48","id":"200","attributes":{},"color":"rgb(124,198,173)","size":1.0},{"source":"54","target":"49","id":"124","attributes":{},"color":"rgb(201,233,228)","size":1.0},{"source":"66","target":"61","id":"202","attributes":{},"color":"rgb(163,218,203)","size":1.0},{"source":"35","target":"29","id":"79","attributes":{},"color":"rgb(190,229,221)","size":2.0},{"source":"31","target":"30","id":"68","attributes":{},"color":"rgb(221,241,241)","size":2.0},{"source":"74","target":"48","id":"238","attributes":{},"color":"rgb(155,210,193)","size":2.0},{"source":"70","target":"41","id":"224","attributes":{},"color":"rgb(163,218,203)","size":1.0},{"source":"20","target":"16","id":"24","attributes":{},"color":"rgb(182,226,216)","size":3.0},{"source":"23","target":"21","id":"44","attributes":{},"color":"rgb(159,216,201)","size":4.0},{"source":"63","target":"55","id":"174","attributes":{},"color":"rgb(125,202,178)","size":1.0},{"source":"27","target":"24","id":"60","attributes":{},"color":"rgb(136,207,186)","size":1.0},{"source":"27","target":"25","id":"59","attributes":{},"color":"rgb(117,199,173)","size":5.0},{"source":"66","target":"63","id":"201","attributes":{},"color":"rgb(159,217,201)","size":1.0},{"source":"61","target":"48","id":"153","attributes":{},"color":"rgb(120,197,170)","size":2.0},{"source":"37","target":"29","id":"88","attributes":{},"color":"rgb(190,229,221)","size":1.0},{"source":"65","target":"55","id":"194","attributes":{},"color":"rgb(125,202,178)","size":2.0},{"source":"64","target":"55","id":"175","attributes":{},"color":"rgb(121,200,175)","size":5.0},{"source":"55","target":"51","id":"126","attributes":{},"color":"rgb(144,210,190)","size":6.0},{"source":"11","target":"10","id":"10","attributes":{},"color":"rgb(118,178,147)","size":1.0},{"source":"42","target":"24","id":"101","attributes":{},"color":"rgb(190,229,221)","size":1.0},{"source":"42","target":"25","id":"100","attributes":{},"color":"rgb(171,221,208)","size":2.0},{"source":"59","target":"57","id":"149","attributes":{},"color":"rgb(159,217,201)","size":2.0},{"source":"64","target":"61","id":"180","attributes":{},"color":"rgb(151,213,196)","size":6.0},{"source":"71","target":"41","id":"232","attributes":{},"color":"rgb(167,220,206)","size":1.0},{"source":"62","target":"59","id":"161","attributes":{},"color":"rgb(151,213,196)","size":13.0},{"source":"58","target":"11","id":"145","attributes":{},"color":"rgb(64,156,112)","size":4.0},{"source":"62","target":"57","id":"163","attributes":{},"color":"rgb(151,213,196)","size":2.0},{"source":"69","target":"25","id":"211","attributes":{},"color":"rgb(144,210,191)","size":6.0},{"source":"37","target":"34","id":"84","attributes":{},"color":"rgb(198,232,226)","size":2.0},{"source":"70","target":"69","id":"219","attributes":{},"color":"rgb(167,220,206)","size":4.0},{"source":"20","target":"18","id":"26","attributes":{},"color":"rgb(190,229,221)","size":3.0},{"source":"69","target":"48","id":"216","attributes":{},"color":"rgb(124,198,173)","size":1.0},{"source":"54","target":"51","id":"123","attributes":{},"color":"rgb(201,233,228)","size":2.0},{"source":"66","target":"60","id":"203","attributes":{},"color":"rgb(171,221,208)","size":1.0},{"source":"23","target":"17","id":"40","attributes":{},"color":"rgb(159,216,201)","size":3.0},{"source":"55","target":"39","id":"128","attributes":{},"color":"rgb(160,216,200)","size":1.0},{"source":"30","target":"23","id":"67","attributes":{},"color":"rgb(179,224,213)","size":1.0},{"source":"26","target":"11","id":"54","attributes":{},"color":"rgb(79,163,122)","size":31.0},{"source":"31","target":"11","id":"69","attributes":{},"color":"rgb(106,173,140)","size":3.0},{"source":"21","target":"20","id":"32","attributes":{},"color":"rgb(190,229,221)","size":5.0},{"source":"66","target":"59","id":"197","attributes":{},"color":"rgb(163,218,203)","size":1.0},{"source":"68","target":"25","id":"205","attributes":{},"color":"rgb(144,210,191)","size":5.0},{"source":"36","target":"34","id":"80","attributes":{},"color":"rgb(198,232,226)","size":2.0},{"source":"57","target":"55","id":"138","attributes":{},"color":"rgb(129,204,180)","size":1.0},{"source":"65","target":"64","id":"186","attributes":{},"color":"rgb(148,212,193)","size":7.0},{"source":"74","target":"73","id":"239","attributes":{},"color":"rgb(229,244,246)","size":3.0},{"source":"41","target":"24","id":"97","attributes":{},"color":"rgb(159,217,201)","size":2.0},{"source":"76","target":"64","id":"247","attributes":{},"color":"rgb(167,219,206)","size":1.0},{"source":"26","target":"16","id":"55","attributes":{},"color":"rgb(167,220,206)","size":1.0},{"source":"48","target":"27","id":"111","attributes":{},"color":"rgb(97,187,155)","size":1.0},{"source":"64","target":"60","id":"181","attributes":{},"color":"rgb(159,216,201)","size":2.0},{"source":"71","target":"68","id":"228","attributes":{},"color":"rgb(171,221,208)","size":2.0},{"source":"62","target":"60","id":"166","attributes":{},"color":"rgb(159,216,201)","size":3.0},{"source":"14","target":"11","id":"16","attributes":{},"color":"rgb(118,178,147)","size":1.0},{"source":"26","target":"25","id":"56","attributes":{},"color":"rgb(140,209,188)","size":1.0},{"source":"75","target":"25","id":"242","attributes":{},"color":"rgb(155,215,198)","size":3.0},{"source":"62","target":"41","id":"164","attributes":{},"color":"rgb(151,213,196)","size":1.0},{"source":"63","target":"59","id":"167","attributes":{},"color":"rgb(155,215,198)","size":5.0},{"source":"58","target":"48","id":"142","attributes":{},"color":"rgb(105,190,160)","size":7.0},{"source":"50","target":"49","id":"115","attributes":{},"color":"rgb(209,236,233)","size":1.0},{"source":"33","target":"11","id":"73","attributes":{},"color":"rgb(114,176,145)","size":2.0},{"source":"65","target":"58","id":"189","attributes":{},"color":"rgb(140,209,188)","size":5.0},{"source":"28","target":"27","id":"63","attributes":{},"color":"rgb(163,218,203)","size":1.0},{"source":"31","target":"27","id":"71","attributes":{},"color":"rgb(163,218,203)","size":1.0},{"source":"23","target":"11","id":"47","attributes":{},"color":"rgb(64,156,112)","size":9.0},{"source":"29","target":"11","id":"66","attributes":{},"color":"rgb(91,167,130)","size":2.0},{"source":"59","target":"58","id":"146","attributes":{},"color":"rgb(144,210,191)","size":15.0},{"source":"65","target":"57","id":"193","attributes":{},"color":"rgb(155,215,198)","size":1.0},{"source":"60","target":"48","id":"150","attributes":{},"color":"rgb(128,200,175)","size":1.0},{"source":"51","target":"26","id":"118","attributes":{},"color":"rgb(174,223,211)","size":2.0},{"source":"25","target":"24","id":"50","attributes":{},"color":"rgb(140,209,188)","size":13.0},{"source":"64","target":"57","id":"183","attributes":{},"color":"rgb(151,213,196)","size":1.0},{"source":"29","target":"23","id":"64","attributes":{},"color":"rgb(156,215,198)","size":1.0},{"source":"33","target":"27","id":"74","attributes":{},"color":"rgb(171,221,208)","size":1.0},{"source":"70","target":"58","id":"225","attributes":{},"color":"rgb(148,212,193)","size":1.0},{"source":"55","target":"54","id":"129","attributes":{},"color":"rgb(156,214,198)","size":1.0},{"source":"67","target":"57","id":"204","attributes":{},"color":"rgb(198,232,226)","size":3.0},{"source":"25","target":"11","id":"52","attributes":{},"color":"rgb(60,155,110)","size":12.0},{"source":"65","target":"61","id":"190","attributes":{},"color":"rgb(155,215,198)","size":5.0},{"source":"66","target":"58","id":"196","attributes":{},"color":"rgb(148,212,193)","size":3.0},{"source":"54","target":"26","id":"125","attributes":{},"color":"rgb(186,227,218)","size":1.0},{"source":"52","target":"39","id":"121","attributes":{},"color":"rgb(225,242,243)","size":1.0},{"source":"4","target":"0","id":"4","attributes":{},"color":"rgb(202,234,228)","size":1.0},{"source":"60","target":"59","id":"152","attributes":{},"color":"rgb(167,220,206)","size":2.0},{"source":"17","target":"16","id":"18","attributes":{},"color":"rgb(182,226,216)","size":4.0},{"source":"29","target":"27","id":"65","attributes":{},"color":"rgb(148,212,193)","size":1.0},{"source":"55","target":"41","id":"134","attributes":{},"color":"rgb(129,204,180)","size":5.0},{"source":"66","target":"65","id":"199","attributes":{},"color":"rgb(159,217,201)","size":2.0},{"source":"62","target":"55","id":"159","attributes":{},"color":"rgb(121,200,175)","size":9.0},{"source":"71","target":"27","id":"226","attributes":{},"color":"rgb(144,210,191)","size":1.0},{"source":"21","target":"19","id":"31","attributes":{},"color":"rgb(190,229,221)","size":3.0},{"source":"23","target":"20","id":"43","attributes":{},"color":"rgb(159,216,201)","size":4.0},{"source":"32","target":"11","id":"72","attributes":{},"color":"rgb(118,178,147)","size":1.0},{"source":"37","target":"35","id":"85","attributes":{},"color":"rgb(198,232,226)","size":2.0},{"source":"53","target":"51","id":"122","attributes":{},"color":"rgb(213,238,236)","size":1.0},{"source":"42","target":"41","id":"99","attributes":{},"color":"rgb(190,229,221)","size":2.0},{"source":"51","target":"49","id":"117","attributes":{},"color":"rgb(190,229,221)","size":9.0},{"source":"65","target":"59","id":"192","attributes":{},"color":"rgb(155,215,198)","size":5.0},{"source":"63","target":"61","id":"172","attributes":{},"color":"rgb(155,215,198)","size":3.0},{"source":"65","target":"63","id":"185","attributes":{},"color":"rgb(152,214,196)","size":5.0},{"source":"50","target":"24","id":"116","attributes":{},"color":"rgb(194,230,223)","size":1.0},{"source":"70","target":"68","id":"220","attributes":{},"color":"rgb(167,220,206)","size":4.0},{"source":"61","target":"59","id":"156","attributes":{},"color":"rgb(159,217,201)","size":5.0},{"source":"63","target":"62","id":"169","attributes":{},"color":"rgb(148,212,193)","size":6.0},{"source":"13","target":"11","id":"15","attributes":{},"color":"rgb(118,178,147)","size":1.0}]}